18DAO Reference Wiki,18DAO Reference Wiki
ARGE Pielachtaler Wissensbasis,ARGE Pielachtaler Wissensbasis
Accounting Study Mission,Accounting Study Mission
Anarchopedia,Anarchopedia
AnnoWiki,AnnoWiki
Anonymous,Anonymous
ArenaNet,ArenaNet
Asiatic Society of Bangladesh,Asiatic Society of Bangladesh
AstroWiki,AstroWiki
Bahaikipedia,Bahaikipedia
Bahaikipedia.org,Bahaikipedia.org
Bahaitext,Bahaitext
Battlestar Wiki,Battlestar Wiki
Biowikifarm,Biowikifarm
Bitcoin,Bitcoin
Bluwiki,Bluwiki
Brickimedia,Brickimedia
BromWiki,BromWiki
Bulbagarden,Bulbagarden
Cathopedia,Cathopedia
Chaos Computer Club,Chaos Computer Club
Club Penguin Wiki Network,Club Penguin Wiki Network
Cppreference,Cppreference
CreationWiki,CreationWiki
ESportspedia,ESportspedia
EditThis,EditThis
Ekopedia,Ekopedia
Embarcadero,Embarcadero
Evo Technologies,Evo Technologies
FFXIclopedia,FFXIclopedia
FH Augsburg,FH Augsburg
FamilySearch Research Wiki,FamilySearch Research Wiki
Farms,Farms
Farms/Defunct,Farms/Defunct
Farms/Not collecting,Farms/Not collecting
FernUniHagen,FernUniHagen
Gameforge,Gameforge
Gamepedia,Gamepedia
Gamer Escape,Gamer Escape
Garrickvanburen,Garrickvanburen
Gentoo Linux Wiki,Gentoo Linux Wiki
GeoGebraWiki,GeoGebraWiki
Gospel Translations,Gospel Translations
Grepolis,Grepolis
Hack.LU,Hack.LU
Heroes Wiki,Heroes Wiki
Herokon Wiki,Herokon Wiki
Hitchwiki,Hitchwiki
Hortipedia,Hortipedia
Howtopedia,Howtopedia
ICube,ICube
IG Soft,IG Soft
IGEM,IGEM
IT Process Maps,IT Process Maps
Indie Wikis,Indie Wikis
JeuxOnLine,JeuxOnLine
Judge Wiki,Judge Wiki
Jurispedia,Jurispedia
KDE,KDE
Kernel.org,Kernel.org
Krasnaya Security,Krasnaya Security
LXDE,LXDE
Liberaux,Liberaux
Live for Speed,Live for Speed
Main Page,Main Page
Mandriva,Mandriva
Mars,Mars
MegaWiki,MegaWiki
Memory Alpha,Memory Alpha
Metacafe,Metacafe
Metapedia,Metapedia
Moegirlpedia,Moegirlpedia
MoodleDocs,MoodleDocs
MormonWiki,MormonWiki
MyWikis,MyWikis
Navicat,Navicat
Neoseeker,Neoseeker
Nitrado,Nitrado
O'Reilly,O'Reilly
Ontodia,Ontodia
Open Bioinformatics,Open Bioinformatics
OpenCrafts,OpenCrafts
OpenOil,OpenOil
OpenSuse,OpenSuse
Openbike,Openbike
Orain,Orain
Orthodox,Orthodox
PapayaCMS,PapayaCMS
Paradox Wikis,Paradox Wikis
PardusWiki,PardusWiki
Plantnet,Plantnet
Plantnet Terms,Plantnet Terms
Plantnet Uses,Plantnet Uses
Pornopedia,Pornopedia
PrePedia,PrePedia
Psiram,Psiram
Referata,Referata
RitchieWiki,RitchieWiki
Rodovid,Rodovid
SABDA.co,SABDA.co
SIAM SIAG,SIAM SIAG
STI Innsbruck,STI Innsbruck
ScoutWiki Network,ScoutWiki Network
Se-heaven.de,Se-heaven.de
ShoutWiki,ShoutWiki
SourceForge,SourceForge
SpongePedia,SpongePedia
Stadtwiki,Stadtwiki
Stadtwiki-Allmende,Stadtwiki-Allmende
Sturmkrieg,Sturmkrieg
Team Liquid,Team Liquid
TheTangentBundle,TheTangentBundle
TheoBio,TheoBio
Thingelstad.com,Thingelstad.com
Touhou Wiki,Touhou Wiki
TropicalWikis,TropicalWikis
Uncyclomedia,Uncyclomedia
University of Colorado Boulder,University of Colorado Boulder
Vanipedia,Vanipedia
Vikidia,Vikidia
W3C,W3C
WIKIN,WIKIN
WiWi HU Berlin,WiWi HU Berlin
Wikanda,Wikanda
Wiki-Site,Wiki-Site
Wiki.Wiki,Wiki.Wiki
Wiki.uni-koeln.de,Wiki.uni-koeln.de
Wiki.yt,Wiki.yt
WikiArquitectura,WikiArquitectura
WikiDoc,WikiDoc
WikiEducator,WikiEducator
WikiFur,WikiFur
WikiHoster.net,WikiHoster.net
WikiHoster.net (serviced),WikiHoster.net (serviced)
WikiHow,WikiHow
WikiMANNia,WikiMANNia
WikiNoah,WikiNoah
WikiProducts,WikiProducts
Wikia,Wikia
Wikian.de,Wikian.de
Wikibooks,Wikibooks
Wikifur,Wikifur
Wikimania,Wikimania
Wikimedia,Wikimedia
Wikimini,Wikimini
Wikimultia,Wikimultia
Wikinews,Wikinews
Wikipedia,Wikipedia
Wikiquote,Wikiquote
Wikisaur,Wikisaur
Wikisign,Wikisign
Wikisource,Wikisource
Wikiversity,Wikiversity
Wikivoyage,Wikivoyage
Wikkii,Wikkii
Wiktionary,Wiktionary
ZUM - Wiki-Family,ZUM - Wiki-Family
ZUM - Wiki-Family (project),ZUM - Wiki-Family (project)
ZUM - Wiki-Family (school),ZUM - Wiki-Family (school)
クリエイターズネットワーク,クリエイターズネットワーク
