!Vector,!Vector
-------GMWFreeBlue,-------GMWFreeBlue
---GMWFreeBlue,---GMWFreeBlue
0GuMax,0GuMax
1160620,1160620
160620,160620
1wptouch,1wptouch
20121127-WhoInspired,20121127-WhoInspired
20121128-2-WhoInspired,20121128-2-WhoInspired
20121128-WhoInspired,20121128-WhoInspired
2OpenUru,2OpenUru
2bridges,2bridges
300x250,300x250
503,503
AAA,AAA
ABT01,ABT01
ABT02,ABT02
ACTSkin,ACTSkin
ACTSkinB,ACTSkinB
AFMonobook,AFMonobook
AKFracking,AKFracking
ALHaTorahSkin,ALHaTorahSkin
ASL,ASL
AStANeu,AStANeu
AVENwiki,AVENwiki
AWC Blue,AWC Blue
AWCGray,AWCGray
AWCGray2,AWCGray2
AWRI test,AWRI test
AWsmall,AWsmall
AbiJuniorSkin,AbiJuniorSkin
AbsitBook,AbsitBook
Acdc,Acdc
Acdc mhe20131026,Acdc mhe20131026
AcuraLegendWiki,AcuraLegendWiki
Ad,Ad
Ad Karibik,Ad Karibik
AdBird,AdBird
AdSense,AdSense
AdSense Bottom,AdSense Bottom
AdSenseFooterLeaderboard,AdSenseFooterLeaderboard
AdSenseHeaderLeaderboard,AdSenseHeaderLeaderboard
AdSenseSkyscraper,AdSenseSkyscraper
Addthis,Addthis
Adelsvapenskin,Adelsvapenskin
Admin,Admin
Adsense,Adsense
Adsense cavendish,Adsense cavendish
Adsense horizontal,Adsense horizontal
Adsense vertical,Adsense vertical
Adsense-mobile,Adsense-mobile
Adsense-top,Adsense-top
Adsense1,Adsense1
Adsense2,Adsense2
Adsense3,Adsense3
Adsenseoff,Adsenseoff
Advancedskin,Advancedskin
Advert160,Advert160
Advertenties,Advertenties
Advertenties headscript,Advertenties headscript
Afdark,Afdark
Afmonobook,Afmonobook
AgencySoftwareWorldwide,AgencySoftwareWorldwide
Agisoft,Agisoft
Agricola,Agricola
AhilTar,AhilTar
AhilTar2,AhilTar2
Aik,Aik
AirRivalsTheme,AirRivalsTheme
AjuSkin,AjuSkin
AjuSkinNew,AjuSkinNew
AkvoMonoBook,AkvoMonoBook
AkvoVector,AkvoVector
Albastru de Cologne,Albastru de Cologne
Alexandria,Alexandria
Alfresco,Alfresco
Ali,Ali
AligniSkin,AligniSkin
AligniSkin2,AligniSkin2
AllSet,AllSet
Allcarwiki,Allcarwiki
Allcarwiki-old,Allcarwiki-old
Alliance,Alliance
AllianceH2,AllianceH2
Almanach,Almanach
Alqouds,Alqouds
Alter,Alter
Amahi2,Amahi2
AmahiTwelve,AmahiTwelve
Amanita,Amanita
Amazon,Amazon
AmazonLink,AmazonLink
AmiTheme,AmiTheme
Amiando,Amiando
Amp,Amp
Analytics,Analytics
Analyticstracking,Analyticstracking
Ancestris,Ancestris
Android,Android
AndroidHilfe,AndroidHilfe
Androidhilfede,Androidhilfede
Andys,Andys
AniMonaco,AniMonaco
Anniversary,Anniversary
Anonymous,Anonymous
Anotherwoodworker,Anotherwoodworker
Answers,Answers
Anunciosarriba,Anunciosarriba
AocFR,AocFR
AocFRtesting,AocFRtesting
Aoiroyalwedding,Aoiroyalwedding
Aoo,Aoo
AooSkinExtension,AooSkinExtension
Aops,Aops
Apex,Apex
Api,Api
ApiOutput,ApiOutput
April,April
Aquawiki3,Aquawiki3
Arabesque,Arabesque
Arabeyes,Arabeyes
Arcana,Arcana
Arcavias,Arcavias
ArchLinux,ArchLinux
ArchaeoWiki,ArchaeoWiki
ArcsWiki,ArcsWiki
Arena09,Arena09
Argonne,Argonne
Arkadia,Arkadia
Arkadiaforum,Arkadiaforum
Arma3,Arma3
Armagetronad,Armagetronad
Army,Army
Around,Around
Array,Array
Art,Art
Art122 5,Art122 5
ArtTech,ArtTech
ArtWiki,ArtWiki
Artists,Artists
Asdar,Asdar
Asentria,Asentria
AsianWiki,AsianWiki
AsianWiki-Adzerkbackup,AsianWiki-Adzerkbackup
AsianWiki-DFPbackup,AsianWiki-DFPbackup
AsianWiki-leaderboard,AsianWiki-leaderboard
AsianWikibeforeTF,AsianWikibeforeTF
Astronomielexikon,Astronomielexikon
AswDraft,AswDraft
Athas1,Athas1
AtlasModern,AtlasModern
AtlasMuseum,AtlasMuseum
Attie co uk,Attie co uk
Attie co uk wide,Attie co uk wide
Atystry,Atystry
Aurora,Aurora
Autolexikon,Autolexikon
Automation,Automation
Awasu,Awasu
Awri,Awri
Axomic,Axomic
AxtImWalde,AxtImWalde
Azul,Azul
Azul Colonia,Azul Colonia
Azul colonial,Azul colonial
Azure,Azure
B3OK,B3OK
BBSkin,BBSkin
BIF,BIF
BKwikiSkin,BKwikiSkin
BNC4FREE,BNC4FREE
BRef,BRef
Babyblue,Babyblue
BackSpace,BackSpace
BackSpace2,BackSpace2
Backlinks,Backlinks
Backup-Vector,Backup-Vector
Bago,Bago
Banner,Banner
Banner ads,Banner ads
Barcelona,Barcelona
Barcelona2,Barcelona2
BartJoost,BartJoost
Base,Base
BasicDharma,BasicDharma
Bavon,Bavon
Beagle,Beagle
Beautipedia,Beautipedia
BeautyKompass,BeautyKompass
Beeldengeluid,Beeldengeluid
Beeldengeluid2,Beeldengeluid2
Beeldengeluid3,Beeldengeluid3
Beer,Beer
BemBookMenu,BemBookMenu
BenthamModern,BenthamModern
Bento,Bento
BentoFluid,BentoFluid
Bepo,Bepo
BerndNici,BerndNici
BestPractices,BestPractices
Beth,Beth
Bf3,Bf3
Bhackspace,Bhackspace
BigLight,BigLight
Bigmir,Bigmir
Bildr,Bildr
BinBook,BinBook
BioWiki,BioWiki
Bioeticawiki,Bioeticawiki
Bioinf,Bioinf
BionetSkola,BionetSkola
Biru Köln,Biru Köln
BitLair,BitLair
Bitcurator,Bitcurator
Black light,Black light
Blanko,Blanko
Blender,Blender
Bleu de Cologne,Bleu de Cologne
BlinkenSkin,BlinkenSkin
BlinkenSkin2,BlinkenSkin2
Blipvertical,Blipvertical
Blockhead,Blockhead
Blog,Blog
BlokCity,BlokCity
Bloodwiki,Bloodwiki
Blu,Blu
Blu Cologne,Blu Cologne
Blu copy,Blu copy
Blu de Cologne,Blu de Cologne
BlueBird,BlueBird
BlueCloud,BlueCloud
BlueForge,BlueForge
BlueR,BlueR
BlueSky,BlueSky
BlueSpice,BlueSpice
BlueSpiceSkin,BlueSpiceSkin
Bluwiki skin,Bluwiki skin
Boell,Boell
Boersenlexikon,Boersenlexikon
Bogus,Bogus
Boinc poland,Boinc poland
BoktBook,BoktBook
BookPath,BookPath
Bookjive,Bookjive
Bookjive1,Bookjive1
BooksprintRead,BooksprintRead
BooksprintUser,BooksprintUser
BootStrapSkin,BootStrapSkin
Bootstrap,Bootstrap
Bootstrap-mediawiki,Bootstrap-mediawiki
Bootstrap-mw,Bootstrap-mw
BootstrapExtension,BootstrapExtension
BootstrapMediaWiki,BootstrapMediaWiki
BootstrapSkin,BootstrapSkin
Bootstrapmediawiki,Bootstrapmediawiki
Bootstrapmediawiki-old,Bootstrapmediawiki-old
Bootstrapmini,Bootstrapmini
Bootstrapped,Bootstrapped
Bootstrapskin,Bootstrapskin
Booty,Booty
Borator,Borator
Borg,Borg
Bouquet,Bouquet
BraLUG,BraLUG
BradBlue,BradBlue
Bravenet,Bravenet
Bremen,Bremen
Briefspiel2,Briefspiel2
Briefspiel3,Briefspiel3
Brlcad,Brlcad
Brlcad2,Brlcad2
Broken-DPGreen,Broken-DPGreen
BrokenDagger,BrokenDagger
Brokenpipe,Brokenpipe
BtV,BtV
Bu MonoBook,Bu MonoBook
Bubbles,Bubbles
BucardoGreen,BucardoGreen
Buchung,Buchung
Buchungsleiste,Buchungsleiste
Buddhaverse,Buddhaverse
Bugattiskin,Bugattiskin
BullyPulpit,BullyPulpit
Byb,Byb
Byb-Orig,Byb-Orig
Byb2,Byb2
Błękit,Błękit
C4,C4
CC,CC
CCA,CCA
CCCZH,CCCZH
CCPLBlue,CCPLBlue
CCZwei,CCZwei
CPSkin,CPSkin
CRSWMonoBook,CRSWMonoBook
CWI,CWI
CaduilawWiki,CaduilawWiki
Caerulus Colonia,Caerulus Colonia
Cam,Cam
CamaroWiki,CamaroWiki
Camo,Camo
Camo1,Camo1
Campfire,Campfire
CaptainSign,CaptainSign
Caraonis,Caraonis
Carbon,Carbon
CarbonGreen,CarbonGreen
Carbonite,Carbonite
Carmageddon,Carmageddon
Carsonpedia,Carsonpedia
Casiopea,Casiopea
Casiopea 1,Casiopea 1
Casiopea r,Casiopea r
Caskin,Caskin
CatamaranInfo,CatamaranInfo
CatchYourWind,CatchYourWind
Caucho,Caucho
Cavendish,Cavendish
Cavendish backup,Cavendish backup
Cavendish no ads,Cavendish no ads
Cavendish old,Cavendish old
Cavendish tf,Cavendish tf
Cavendish-MW,Cavendish-MW
Cavendish-old,Cavendish-old
Cavendish1,Cavendish1
CavendishAHP,CavendishAHP
CavendishMW,CavendishMW
CavendishMW-orig,CavendishMW-orig
CavendishMW-personal-tools-on-top,CavendishMW-personal-tools-on-top
CavendishMWC,CavendishMWC
CavendishMWM,CavendishMWM
CavendishMWSPE,CavendishMWSPE
Cavendishmw,Cavendishmw
Cazypedia,Cazypedia
CazypediaArial,CazypediaArial
CbpTranscription,CbpTranscription
Ccdict footer,Ccdict footer
Ccwiki footer,Ccwiki footer
Ce,Ce
Cecilia2008,Cecilia2008
Cees,Cees
Celtoipedia,Celtoipedia
CemZoo2005,CemZoo2005
CemZoo2007,CemZoo2007
CemZoo2007 bak,CemZoo2007 bak
CentrationWiki,CentrationWiki
Cest,Cest
Cest copy,Cest copy
Cferpg,Cferpg
Chameleon,Chameleon
Chao,Chao
Chawgw,Chawgw
Chd,Chd
Chd OLD,Chd OLD
Chd-bac,Chd-bac
Checker,Checker
Cheops,Cheops
Chick,Chick
Chick good,Chick good
ChickBook,ChickBook
Chickh,Chickh
Chihuahua,Chihuahua
ChildrenAreWelcome,ChildrenAreWelcome
Chipwiki,Chipwiki
Chipwikinew,Chipwikinew
ChoppingBlock,ChoppingBlock
Chscc,Chscc
Chumpsoft,Chumpsoft
Cibc,Cibc
CiderBook,CiderBook
Cify2014,Cify2014
Circopedia,Circopedia
Cksource,Cksource
Classic,Classic
Clean,Clean
Clean and blue,Clean and blue
CleanAndBlue,CleanAndBlue
Cleanmonobook,Cleanmonobook
CleverTrailSkin,CleverTrailSkin
Clicklaw,Clicklaw
Clockwork,Clockwork
ClubRV,ClubRV
Cmt helpskin,Cmt helpskin
Cnt,Cnt
CoC,CoC
Coastalwiki,Coastalwiki
Coclico,Coclico
Codex,Codex
Cogneon,Cogneon
Cogroup,Cogroup
Coinlife,Coinlife
Colab,Colab
Collectiewijzer,Collectiewijzer
CollectiewijzerOld,CollectiewijzerOld
Cologne Blu,Cologne Blu
Cologne Blue,Cologne Blue
Cologne blå,Cologne blå
Cologne-bláur,Cologne-bláur
CologneBlue,CologneBlue
CologneBlue backup,CologneBlue backup
CologneBlue-old,CologneBlue-old
CologneRed,CologneRed
Cologneblue,Cologneblue
Colonha Blau,Colonha Blau
Colonia Azul (Cologne Blue),Colonia Azul (Cologne Blue)
Colonia Blau,Colonia Blau
Colonia azul,Colonia azul
Columbia,Columbia
Colònia blava,Colònia blava
Comments,Comments
Communis,Communis
Compendium,Compendium
Compromat,Compromat
Computerlexikon,Computerlexikon
Config,Config
Conquepedis,Conquepedis
Consolibyte,Consolibyte
ContaoWiki,ContaoWiki
Contentsize,Contentsize
Cooking,Cooking
Copie de Vector,Copie de Vector
Copiright,Copiright
Copy of Crosbie,Copy of Crosbie
Copy of MapHayle,Copy of MapHayle
Copy of MapHayle 21-01-2011,Copy of MapHayle 21-01-2011
Copy of Marefa,Copy of Marefa
Copy of MonoBook,Copy of MonoBook
Copy-ngn MonoBook,Copy-ngn MonoBook
Cora,Cora
Cosmochips,Cosmochips
CotHWiki,CotHWiki
Count,Count
Countdown,Countdown
Counter,Counter
Counters,Counters
Counterv,Counterv
Cowbell,Cowbell
Cpp2012,Cpp2012
Cppreference,Cppreference
Cppreference2,Cppreference2
Creation,Creation
Crepuscular,Crepuscular
Crg,Crg
Crom,Crom
Crosbie,Crosbie
Cryptronic,Cryptronic
Cs,Cs
Csdc,Csdc
Csdms,Csdms
Csdms meeting skin,Csdms meeting skin
CsdmsSkin18,CsdmsSkin18
CsdmsSkin18H,CsdmsSkin18H
CsdmsSkin18M,CsdmsSkin18M
Csdmsskin,Csdmsskin
Csdmsskin 18,Csdmsskin 18
Csdmsskin 18 broken,Csdmsskin 18 broken
Csdmsskin 18 help,Csdmsskin 18 help
Csdmsskin 18 meeting,Csdmsskin 18 meeting
Csdmsskin copy,Csdmsskin copy
Csdmsskin new,Csdmsskin new
Csdmsskin new1,Csdmsskin new1
Csdmsskin old,Csdmsskin old
Csdmsskin2,Csdmsskin2
Csinferno,Csinferno
CubeCart,CubeCart
Culture,Culture
Curve test,Curve test
Custard,Custard
Custis,Custis
Custisru,Custisru
Custom,Custom
Custom functions,Custom functions
CustomMonoBook,CustomMonoBook
CustomMonoBook-hack1,CustomMonoBook-hack1
CustomMonoBook-patch,CustomMonoBook-patch
CustomResources,CustomResources
Cyber,Cyber
Cyber 1,Cyber 1
Cyclone,Cyclone
Cyrberus,Cyrberus
D20,D20
DAFN,DAFN
DBSSkin,DBSSkin
DCW,DCW
DDN,DDN
DFP headleaderboard,DFP headleaderboard
DFP headscript,DFP headscript
DJB,DJB
DJBMono,DJBMono
DMSP,DMSP
DS,DS
DV-old,DV-old
DZLM,DZLM
Dacminhm,Dacminhm
Daddio,Daddio
DaelimWiki,DaelimWiki
Daimon,Daimon
Dara kitap (monobook),Dara kitap (monobook)
Dark,Dark
DarkDawn,DarkDawn
DarkSex,DarkSex
DarkVector,DarkVector
Darker,Darker
Darkvector,Darkvector
Darwin,Darwin
DasFish,DasFish
Datawix,Datawix
DatenatelierView,DatenatelierView
Db,Db
Dbconnect,Dbconnect
Dday,Dday
Ddrlexikon,Ddrlexikon
Ddskin,Ddskin
DeanUntWiki,DeanUntWiki
DeanWiki,DeanWiki
Debianforum,Debianforum
Deciduous,Deciduous
DeepSea,DeepSea
Default,Default
Demokrat,Demokrat
Denog,Denog
DerMoBa,DerMoBa
Descubriendo10,Descubriendo10
DeskMessMirrored,DeskMessMirrored
DeutscheChansonTexte,DeutscheChansonTexte
Dfpheader,Dfpheader
Dfpheader-mobil,Dfpheader-mobil
Diagramm,Diagramm
Diagramm Kopie,Diagramm Kopie
Diaper,Diaper
Diapergreen,Diapergreen
DicRef,DicRef
Digilern,Digilern
DiscourseSkin,DiscourseSkin
DiscourseVector,DiscourseVector
Dlang,Dlang
Dlang Vector,Dlang Vector
Dm,Dm
DmArt,DmArt
Docforge default,Docforge default
Docudrei,Docudrei
Dokucode,Dokucode
Dolphin,Dolphin
Donaldson,Donaldson
Donate,Donate
Drittesreich,Drittesreich
DroidWiki,DroidWiki
DroidWikiAH,DroidWikiAH
Droidz,Droidz
Drone,Drone
Dronk,Dronk
Drupal,Drupal
Dscho,Dscho
Dsskin,Dsskin
DtellaSkin,DtellaSkin
Dtrush,Dtrush
Dualcrossbows,Dualcrossbows
Dune2k,Dune2k
DuoBook,DuoBook
DuoBook2,DuoBook2
Dusk,Dusk
DuskToDawn,DuskToDawn
Dvorak,Dvorak
Dynamic,Dynamic
DynamicSkin,DynamicSkin
EAccess,EAccess
EB,EB
EBusiness,EBusiness
EEBedia,EEBedia
EIG,EIG
ELSkin,ELSkin
EMM,EMM
EMU,EMU
ENA,ENA
EOtoci,EOtoci
ETALAB,ETALAB
EV,EV
EaGeier,EaGeier
EaRestore,EaRestore
EasyLogic1,EasyLogic1
Ebvector,Ebvector
Eca,Eca
Ece,Ece
EclipseNova,EclipseNova
EcoNaviSkin,EcoNaviSkin
EcoSkin,EcoSkin
Econapps,Econapps
Ed,Ed
Edkmedia,Edkmedia
Edu,Edu
EduGAIN,EduGAIN
EduWiki,EduWiki
EduWiki2,EduWiki2
Educartis,Educartis
Eduroam,Eduroam
Egypt,Egypt
Eiffelsoftware origo,Eiffelsoftware origo
Eig,Eig
Eigen,Eigen
EinBók,EinBók
Eko,Eko
ElProhpehsyohnahl,ElProhpehsyohnahl
ElectronicWiki,ElectronicWiki
Eleven,Eleven
Elgg,Elgg
Elseland,Elseland
Embed,Embed
Embedded,Embedded
Eminence,Eminence
Empty,Empty
Enciclochef,Enciclochef
Energielinq,Energielinq
EngineAlpha,EngineAlpha
Engineer,Engineer
Entropiaplanets,Entropiaplanets
Epesi,Epesi
Epic,Epic
Epskin,Epskin
Erac,Erac
Ercim,Ercim
Erdkante,Erdkante
ErfgoedDelft,ErfgoedDelft
ErikasGarden,ErikasGarden
Ersterweltkrieg,Ersterweltkrieg
Erudite,Erudite
Esstyle,Esstyle
Etalab,Etalab
Eternal,Eternal
Eth0clean,Eth0clean
Eth0summer,Eth0summer
Euromarineconsortium,Euromarineconsortium
EurostatNew,EurostatNew
EveWiki,EveWiki
Evedev,Evedev
EvergreenMTB,EvergreenMTB
EvgnStaff,EvgnStaff
EvoLudo,EvoLudo
Ex PO,Ex PO
Example,Example
Exlom,Exlom
Exodus,Exodus
ExoticA,ExoticA
ExplodingRabbit,ExplodingRabbit
Exploit,Exploit
Expo,Expo
External,External
ExternalContent,ExternalContent
Eyjaskinna,Eyjaskinna
Eyjaskinna old,Eyjaskinna old
F,F
FB,FB
FPSZ,FPSZ
FSLab,FSLab
FTB,FTB
FTB131,FTB131
Facebook float,Facebook float
Facebooklike,Facebooklike
FairphoneV1,FairphoneV1
Fallback,Fallback
FallenGalaxy,FallenGalaxy
Famvin,Famvin
Famvin2012,Famvin2012
Famvin2014,Famvin2014
Federico,Federico
FedericoDark,FedericoDark
Fedora,Fedora
FedoraFrVector,FedoraFrVector
FedoraMD,FedoraMD
Fedspace,Fedspace
Fedspace test,Fedspace test
Fescenninity,Fescenninity
FeyWiki,FeyWiki
Fiji,Fiji
Filament,Filament
Filer,Filer
Filmlex,Filmlex
Finnix,Finnix
FireEmblem,FireEmblem
FizikaWiki,FizikaWiki
Fl test,Fl test
FlaternityRelief,FlaternityRelief
Floe,Floe
Flossary,Flossary
Flower,Flower
Fomwiki,Fomwiki
Foobook,Foobook
Footer,Footer
Footer ads,Footer ads
Forecaster,Forecaster
Foreground,Foreground
ForestRanger,ForestRanger
Forum Design,Forum Design
Forum mailinglist,Forum mailinglist
ForumEmbed,ForumEmbed
Fraternalrelief,Fraternalrelief
Fratman,Fratman
Fratman enhanced,Fratman enhanced
Fratman kb,Fratman kb
Fratman kb dev,Fratman kb dev
Freecycle,Freecycle
FreggersWiki,FreggersWiki
FreggersWikiRedesign,FreggersWikiRedesign
FreggersWikiV4,FreggersWikiV4
Freifunk,Freifunk
FreshMedia,FreshMedia
FrmozTbird,FrmozTbird
Frog,Frog
Frostmourne,Frostmourne
Frtn2,Frtn2
Frugalware,Frugalware
Frunde,Frunde
Fuehrerscheininfo,Fuehrerscheininfo
Fury,Fury
FusionForge,FusionForge
GBAtemp,GBAtemp
GBAtemp v3,GBAtemp v3
GBAtemp v3 plus,GBAtemp v3 plus
GCL,GCL
GCL3,GCL3
GES,GES
GIGAPedia,GIGAPedia
GIGAPedia2008,GIGAPedia2008
GIGAPediaDark,GIGAPediaDark
GMODSkinFoundation,GMODSkinFoundation
GMW org,GMW org
GMWFreeBlue,GMWFreeBlue
GMWFreeBlue2,GMWFreeBlue2
GMWFreeGreen,GMWFreeGreen
GMWFreeOrange,GMWFreeOrange
GMWFreeRed,GMWFreeRed
GMWHitchcock,GMWHitchcock
GPodder,GPodder
GPodderNew,GPodderNew
GRO,GRO
GSV3,GSV3
GWiki,GWiki
Ga,Ga
Gada Skin,Gada Skin
GadaSkin,GadaSkin
GalacticaVector,GalacticaVector
Gallery,Gallery
GameMenu,GameMenu
Gameo,Gameo
Gamepad Universe,Gamepad Universe
Gamepress,Gamepress
Gamerpedia,Gamerpedia
Games,Games
GardenVector,GardenVector
Garena,Garena
Garrysmod,Garrysmod
Gary Skin,Gary Skin
Gateway,Gateway
GaussChildren,GaussChildren
Gavin,Gavin
Gazebo,Gazebo
Geck,Geck
GedSkin,GedSkin
Genshtab,Genshtab
Genwi,Genwi
GeoGebra,GeoGebra
Geohin,Geohin
Geologica,Geologica
GeopsyMonoBook,GeopsyMonoBook
GeorgeMason,GeorgeMason
Gesis,Gesis
Gesisnew,Gesisnew
Gesundheitslex,Gesundheitslex
Getclicky teller,Getclicky teller
Gifs,Gifs
Giftypedia,Giftypedia
Glas Cwlen,Glas Cwlen
Glaz Kologn,Glaz Kologn
Global,Global
Globalvoices,Globalvoices
Globalwiki,Globalwiki
Globus2,Globus2
Glom,Glom
Glom old,Glom old
Glomm,Glomm
Gluster,Gluster
Gmf,Gmf
Gmo,Gmo
Gms,Gms
Gmwfreeblue,Gmwfreeblue
Gmwfreegreen,Gmwfreegreen
Gmworangebackup,Gmworangebackup
Gnujump,Gnujump
Gnupdf,Gnupdf
GoboBook,GoboBook
GoboBook firefox,GoboBook firefox
GoldenSunForever,GoldenSunForever
Goldenskin,Goldenskin
Gonaija,Gonaija
GoodRelations,GoodRelations
Googl,Googl
GoogleAnalytics,GoogleAnalytics
GoogleAnalyticsInclude,GoogleAnalyticsInclude
Googleanalytics,Googleanalytics
Googlecounter,Googlecounter
Googlesearch,Googlesearch
Gorm Köln,Gorm Köln
GracesGuide,GracesGuide
Grand Theft Wiki Default,Grand Theft Wiki Default
GrassRoots,GrassRoots
GreenMap,GreenMap
GreenSolutions,GreenSolutions
Greenspiceskin,Greenspiceskin
Greentime,Greentime
Grepolis,Grepolis
GreyStuff,GreyStuff
GrimVector,GrimVector
Groupe,Groupe
Groupe2,Groupe2
Groupe3,Groupe3
GuMax,GuMax
GuMax (b4pm),GuMax (b4pm)
GuMax ooo,GuMax ooo
GuMax2,GuMax2
GuMax5,GuMax5
GuMaxD,GuMaxD
GuMaxDD,GuMaxDD
GuMaxDD (default),GuMaxDD (default)
GuMaxDD backup,GuMaxDD backup
GuMaxDD2,GuMaxDD2
GuMaxDDCustom,GuMaxDDCustom
GuMaxDDCustom2,GuMaxDDCustom2
GuMaxDDNEW,GuMaxDDNEW
GuMaxDDadmin,GuMaxDDadmin
GuMaxFishcakes,GuMaxFishcakes
GuMaxGreen,GuMaxGreen
GuMaxV,GuMaxV
GuMaxVN,GuMaxVN
GuideEmbed,GuideEmbed
Guifi,Guifi
Gumax,Gumax
GumaxDD2,GumaxDD2
Gumaxdd,Gumaxdd
Gustavus,Gustavus
HBLL,HBLL
HSwiki,HSwiki
HTESkin,HTESkin
HTWSkin,HTWSkin
HackBBS,HackBBS
Hacken,Hacken
Hadron,Hadron
HameWiki,HameWiki
HameWiki bk,HameWiki bk
HardEdge,HardEdge
Haru,Haru
Hatfilms,Hatfilms
Haunting,Haunting
Hawaii,Hawaii
Hawiki,Hawiki
Hawkinwiki,Hawkinwiki
HazeronWiki,HazeronWiki
Hcfwiki,Hcfwiki
Header,Header
HeaderArray,HeaderArray
Headline,Headline
Helena,Helena
Helios,Helios
HelpDesk,HelpDesk
HelpDesk2,HelpDesk2
Helpdesk,Helpdesk
HelpdeskFacebook,HelpdeskFacebook
HelpdeskSkin,HelpdeskSkin
Helpsite,Helpsite
HelsingoerSkin,HelsingoerSkin
Herder,Herder
Hicknhack,Hicknhack
Himitsumonobook,Himitsumonobook
Hina,Hina
Hitch,Hitch
Hitchwiki,Hitchwiki
Hiện đại,Hiện đại
Hmm,Hmm
Hmtheme,Hmtheme
Hollow,Hollow
Hollow-old,Hollow-old
HollowGameNew,HollowGameNew
HoloNet,HoloNet
Hope,Hope
Hora,Hora
HorsensLeksikon,HorsensLeksikon
Hortipedia,Hortipedia
Hotaru,Hotaru
HowTo,HowTo
Hpprime,Hpprime
HrOpenWiki,HrOpenWiki
Hrweyr,Hrweyr
Hsgr,Hsgr
HsmwFlat,HsmwFlat
Hswiki,Hswiki
Html5Video,Html5Video
Hub,Hub
HumboldtUni,HumboldtUni
Hundelexikon,Hundelexikon
Hydra,Hydra
HydraDark,HydraDark
Hypnotrainercicd,Hypnotrainercicd
ICP2012,ICP2012
ICTOWiki,ICTOWiki
ICTlogy,ICTlogy
IDigBio,IDigBio
INCYMA,INCYMA
IOS6,IOS6
IOS7,IOS7
IPhone,IPhone
IPhone 2013-10-19,IPhone 2013-10-19
IPhone old,IPhone old
ISAS,ISAS
ISAS2,ISAS2
IWiki,IWiki
Iam,Iam
IamBlack,IamBlack
Icarus,Icarus
Icc,Icc
Icube,Icube
Icubeteam,Icubeteam
Icubevector,Icubevector
Icubeweb,Icubeweb
IdiomaMedico,IdiomaMedico
Iiwiki,Iiwiki
Iiwiki orig,Iiwiki orig
Imegah,Imegah
Img auth,Img auth
Imperial,Imperial
ImperialWizard,ImperialWizard
Impetus,Impetus
Impro,Impro
Impro-kopia,Impro-kopia
ImstWiki,ImstWiki
Inature2013,Inature2013
Include chscc header,Include chscc header
Index,Index
IndianerWiki,IndianerWiki
IndoEuropean,IndoEuropean
Inetpro,Inetpro
Inficon,Inficon
InficonDoublePlus,InficonDoublePlus
InficonPlus,InficonPlus
Infinities,Infinities
Info,Info
Infowiki,Infowiki
Infowiss,Infowiss
Innovation,Innovation
Innovention,Innovention
InsanelyMac,InsanelyMac
InsiderHouse,InsiderHouse
Installcheck,Installcheck
Intech,Intech
Intelligense,Intelligense
Intern,Intern
Intize,Intize
Introduced,Introduced
Inverse,Inverse
Ios,Ios
Ipbwiki skin,Ipbwiki skin
Ipbwiki skin monobook,Ipbwiki skin monobook
Iphone,Iphone
Iportale,Iportale
Irenic,Irenic
IrishGaming,IrishGaming
Irod,Irod
Isen,Isen
IslandVision,IslandVision
Iswebmo,Iswebmo
Iswiki,Iswiki
Iteach,Iteach
Ithemes,Ithemes
JRiver,JRiver
Jashow,Jashow
Jason,Jason
Jazzy,Jazzy
JcWiki,JcWiki
JetsWiki,JetsWiki
JiVenture,JiVenture
Jmvector,Jmvector
Jneas,Jneas
Jns,Jns
Joescove,Joescove
Jondosblue,Jondosblue
Joomla,Joomla
Joomla08,Joomla08
JoomlaSearch,JoomlaSearch
Json,Json
Judgepedia,Judgepedia
Judopedia,Judopedia
Jukss,Jukss
JukssNeu,JukssNeu
Junius,Junius
Jurmo,Jurmo
Jw joomla,Jw joomla
Jwt,Jwt
K10JuniorSkin,K10JuniorSkin
K6JuniorSkin,K6JuniorSkin
K8JuniorSkin,K8JuniorSkin
KIP,KIP
KIS,KIS
KIT,KIT
KMi,KMi
KSMonoBook,KSMonoBook
KSVector,KSVector
Kadu,Kadu
Kadu-bkp,Kadu-bkp
Kaffeewiki,Kaffeewiki
KalosComics,KalosComics
Kappa1,Kappa1
Kappa2,Kappa2
Kappa3,Kappa3
Kategorie,Kategorie
Katzenlex,Katzenlex
Keen,Keen
Kelno mėlyna,Kelno mėlyna
Kelnsko plavo,Kelnsko plavo
Kent,Kent
Keulen blou,Keulen blou
Keuls blauw,Keuls blauw
KheradSkin,KheradSkin
KibaOne,KibaOne
Kidico,Kidico
Kielakowie,Kielakowie
KillingFloor,KillingFloor
Kimagure,Kimagure
KindofBlue,KindofBlue
KindofBlue Scioly,KindofBlue Scioly
KindofBlue iphone,KindofBlue iphone
KindofBlue orig,KindofBlue orig
KindofUbuntu,KindofUbuntu
Kiri,Kiri
KirjastoWiki,KirjastoWiki
Kiwi,Kiwi
Klassiklex,Klassiklex
Klaus,Klaus
Klickbutton,Klickbutton
Klickbutton 2,Klickbutton 2
Klickbutton 3,Klickbutton 3
Knittingand,Knittingand
Knittingand2,Knittingand2
KnuddelsWiki,KnuddelsWiki
KoVector,KoVector
Kocheninfo,Kocheninfo
Koipedia,Koipedia
Koitere,Koitere
Kolonja Bluo,Kolonja Bluo
Kolonjë Blu,Kolonjë Blu
Kolínska modrá,Kolínska modrá
Kolínská modř,Kolínská modř
Kolónia azúl,Kolónia azúl
Konata,Konata
Kontakt-lewa,Kontakt-lewa
Kontakt-lewa-,Kontakt-lewa-
Kontakt-lewa-styl-do-poprawy,Kontakt-lewa-styl-do-poprawy
Kontuwiki,Kontuwiki
KopPad,KopPad
Kraftzone,Kraftzone
Książka,Książka
KwikiBlue,KwikiBlue
Kyolncha sogʻinch,Kyolncha sogʻinch
KyuFox,KyuFox
Köl'nan sinine,Köl'nan sinine
Köln Blo,Köln Blo
Köln zeñgirligi (cologneblue),Köln zeñgirligi (cologneblue)
Kölnarblátt,Kölnarblátt
Kölnerblå,Kölnerblå
Kölni kék,Kölni kék
Kölni kék (nem támogatott),Kölni kék (nem támogatott)
Kölni sinine,Kölni sinine
Kölnin sininen,Kölnin sininen
Kölnisch Blau,Kölnisch Blau
Kölnjanska módrina,Kölnjanska módrina
Kölnska plava,Kölnska plava
Kölsch Blau,Kölsch Blau
Kölsch Blou,Kölsch Blou
Kølnerblå,Kølnerblå
LASCBskin,LASCBskin
LASskin,LASskin
LASskin2,LASskin2
LCARS,LCARS
LDraw,LDraw
LE,LE
LHXC 1,LHXC 1
LISD,LISD
LSpace,LSpace
LVL1,LVL1
La vektor,La vektor
Labcs,Labcs
LabelGreen,LabelGreen
Labitat,Labitat
Labs,Labs
Labstrap,Labstrap
LabstrapBeta,LabstrapBeta
Laenderlex,Laenderlex
Lanceresque,Lanceresque
Laravel,Laravel
Larpedie,Larpedie
Lasbwskin,Lasbwskin
Lateinlexikon,Lateinlexikon
Laussywiki,Laussywiki
Lawiki,Lawiki
Laximo,Laximo
Lcars 2,Lcars 2
Lcrc,Lcrc
Ldsorg,Ldsorg
Ldstech,Ldstech
LeNezDansLassiette,LeNezDansLassiette
LeedsUni,LeedsUni
Legend,Legend
LesniGolf,LesniGolf
LessWrong,LessWrong
Letorian,Letorian
Leuksman,Leuksman
Lexicanum,Lexicanum
Lhibro,Lhibro
Lhxc,Lhxc
Li,Li
Li 2391890382490324,Li 2391890382490324
Lia,Lia
LiaMobile,LiaMobile
LibdSkin,LibdSkin
LibraryRR,LibraryRR
Librejo,Librejo
Lics,Lics
LightSex,LightSex
Lihuen,Lihuen
Lihuen2014,Lihuen2014
LihuenSimple,LihuenSimple
Likes,Likes
Lilug,Lilug
Limbas,Limbas
LimeSurvey,LimeSurvey
Linsec,Linsec
Linux62,Linux62
LinuxMce,LinuxMce
LipidBank,LipidBank
Liquipediatwo,Liquipediatwo
Livecounter,Livecounter
Liveinternet,Liveinternet
Ljudmila,Ljudmila
Load,Load
Loadware,Loadware
Lobbypedia,Lobbypedia
LocDocs,LocDocs
Local,Local
LocalSettings,LocalSettings
Localoffer,Localoffer
Loesje,Loesje
LoesjeNew,LoesjeNew
Loewenwiki,Loewenwiki
LogMaailma,LogMaailma
LogMaailmaFront,LogMaailmaFront
Logiskin,Logiskin
LookingGlass,LookingGlass
Loop,Loop
Lovelog,Lovelog
LtrMenuPlus,LtrMenuPlus
Ltsp,Ltsp
Ltspedia,Ltspedia
Lubeca,Lubeca
Lucia,Lucia
Lucia copia,Lucia copia
LuciaMob,LuciaMob
Lunar,Lunar
LyricsMinimal,LyricsMinimal
M3P,M3P
M3PMobile,M3PMobile
MCS,MCS
MHBook,MHBook
MITAdmissions,MITAdmissions
MMOE Wiki,MMOE Wiki
MNOG,MNOG
MNOLG,MNOLG
MSO,MSO
MTABook,MTABook
MTS2,MTS2
MY-MonoBook,MY-MonoBook
MY-Vector,MY-Vector
Madwebs,Madwebs
MagicQ,MagicQ
Magica,Magica
MailPress,MailPress
Mailru,Mailru
Mailstore,Mailstore
Mailstore2014,Mailstore2014
Main Page,Main Page
MainBook,MainBook
MainJuniorSkin,MainJuniorSkin
MainPage,MainPage
Makabago (Moderno),Makabago (Moderno)
MalteseWatersWiki,MalteseWatersWiki
Mamut,Mamut
MansonWiki2014,MansonWiki2014
ManyCoreSoft,ManyCoreSoft
MapCamborne,MapCamborne
MapCornwall,MapCornwall
MapHayle,MapHayle
MapHayle - Copy 15-02-11,MapHayle - Copy 15-02-11
MapNewquay,MapNewquay
MapPenzance,MapPenzance
MapPenzanceFluid,MapPenzanceFluid
MapPenzanceFluid - Copy,MapPenzanceFluid - Copy
MapStaustell,MapStaustell
Mapload,Mapload
Marbef,Marbef
Marefa,Marefa
Marefa (copy)-2-22-12,Marefa (copy)-2-22-12
Marefa with side bar,Marefa with side bar
Marinebiotech,Marinebiotech
Marinegeneticresources,Marinegeneticresources
Marinespecies,Marinespecies
Marken,Marken
Markennew,Markennew
Mars,Mars
Marsupi,Marsupi
Marva,Marva
Mary2,Mary2
Mask,Mask
Matrix,Matrix
Matrix2,Matrix2
Mauve,Mauve
Mawdoo3Blue,Mawdoo3Blue
Mawdoo3BlueMobile,Mawdoo3BlueMobile
Mbworld,Mbworld
Mcn,Mcn
MechDB,MechDB
MedRevise,MedRevise
MedRevise5,MedRevise5
MediaWiki Bootstrap,MediaWiki Bootstrap
MediaWikiBootstrap,MediaWikiBootstrap
Mediagoblin-bak,Mediagoblin-bak
Medievistes,Medievistes
Medizinlex,Medizinlex
Meiko,Meiko
Memory,Memory
Menu,Menu
MenuTest,MenuTest
Mermaid,Mermaid
MetWiki,MetWiki
Meteo,Meteo
Metin2Theme,Metin2Theme
Metrika,Metrika
Metro,Metro
Metrolook,Metrolook
Metrolook2,Metrolook2
Mgftw,Mgftw
Mhwskin,Mhwskin
MiWiki,MiWiki
MiWikiMobile,MiWikiMobile
MicroSkin,MicroSkin
MicrobialRealm,MicrobialRealm
Midd,Midd
Midi2008,Midi2008
Midsouthmakers,Midsouthmakers
Mikrocontroller,Mikrocontroller
Milky,Milky
Minerva,Minerva
Minerwa,Minerwa
Minit,Minit
Minko,Minko
MiraRead,MiraRead
MiraUser,MiraUser
Mist,Mist
Mist alt,Mist alt
MistiKarda,MistiKarda
Mistpedia,Mistpedia
MistyLook,MistyLook
MistyLook - backup,MistyLook - backup
MistyLook Devereux,MistyLook Devereux
Mistylook,Mistylook
Mistylook 130302,Mistylook 130302
Mistylook 130325 GoogleAds,Mistylook 130325 GoogleAds
Mistylook 130408 Bidvertiser,Mistylook 130408 Bidvertiser
Mistylook 130605,Mistylook 130605
Mistylook ORIG,Mistylook ORIG
MitWerbung,MitWerbung
Mixmarket tracker,Mixmarket tracker
Mobil,Mobil
Mobile,Mobile
MobileBook,MobileBook
Modding,Modding
Models,Models
ModelspoorWijzer,ModelspoorWijzer
Moden,Moden
Moderen,Moderen
Modern,Modern
Modern (nem támogatott),Modern (nem támogatott)
Modern MODIFIED,Modern MODIFIED
Modern ORIGINAL,Modern ORIGINAL
Modern o,Modern o
Modern orig,Modern orig
Modern2,Modern2
Modern2-13 bak,Modern2-13 bak
Modern4-2-12,Modern4-2-12
Modern6-28-12,Modern6-28-12
ModernModified,ModernModified
ModernRed,ModernRed
ModernReworked,ModernReworked
ModernSky,ModernSky
Moderna,Moderna
Moderne,Moderne
Moderni,Moderni
Moderno,Moderno
Modernoa,Modernoa
Modernu,Modernu
Moderny,Moderny
Moderní,Moderní
Moderný,Moderný
ModifiedVector,ModifiedVector
Modärn,Modärn
Modèrne,Modèrne
Modèrno,Modèrno
Mofalex,Mofalex
Mographskin2,Mographskin2
Monaco,Monaco
MonacoBook,MonacoBook
Monkeysfist,Monkeysfist
Monkeysfist banner,Monkeysfist banner
Mono2,Mono2
MonoBoch,MonoBoch
MonoBoo-prenamechangek,MonoBoo-prenamechangek
MonoBook,MonoBook
MonoBook (19:08:2009 19:06),MonoBook (19:08:2009 19:06)
MonoBook (31-03-13 14:03),MonoBook (31-03-13 14:03)
MonoBook (6:12:13 3:52 PM),MonoBook (6:12:13 3:52 PM)
MonoBook (9:11:12 3:24 PM),MonoBook (9:11:12 3:24 PM)
MonoBook (9:9:12 6:31 PM),MonoBook (9:9:12 6:31 PM)
MonoBook - BACKUP,MonoBook - BACKUP
MonoBook - Copy,MonoBook - Copy
MonoBook - gurka,MonoBook - gurka
MonoBook - madrip,MonoBook - madrip
MonoBook 000,MonoBook 000
MonoBook 001,MonoBook 001
MonoBook 002 o AddThis,MonoBook 002 o AddThis
MonoBook 003,MonoBook 003
MonoBook 004,MonoBook 004
MonoBook 005,MonoBook 005
MonoBook 006 ohne-facebook,MonoBook 006 ohne-facebook
MonoBook 007 Talero neu,MonoBook 007 Talero neu
MonoBook 008,MonoBook 008
MonoBook 009,MonoBook 009
MonoBook 010,MonoBook 010
MonoBook 10,MonoBook 10
MonoBook 11 22,MonoBook 11 22
MonoBook 113,MonoBook 113
MonoBook 2011-02-07,MonoBook 2011-02-07
MonoBook 2012-08-03,MonoBook 2012-08-03
MonoBook 2012-11-14,MonoBook 2012-11-14
MonoBook 2013-02-06,MonoBook 2013-02-06
MonoBook 2013-02-12,MonoBook 2013-02-12
MonoBook 2015-02-27,MonoBook 2015-02-27
MonoBook 221110,MonoBook 221110
MonoBook 2Col,MonoBook 2Col
MonoBook 8-26-2011,MonoBook 8-26-2011
MonoBook 8-5-2011,MonoBook 8-5-2011
MonoBook DynPG,MonoBook DynPG
MonoBook GI,MonoBook GI
MonoBook GI 1 12,MonoBook GI 1 12
MonoBook MODIFIED,MonoBook MODIFIED
MonoBook ORIG,MonoBook ORIG
MonoBook ORIGINAL,MonoBook ORIGINAL
MonoBook Oben,MonoBook Oben
MonoBook Sep2011,MonoBook Sep2011
MonoBook X,MonoBook X
MonoBook adsense,MonoBook adsense
MonoBook alt,MonoBook alt
MonoBook amazon,MonoBook amazon
MonoBook b4 share buttons trial,MonoBook b4 share buttons trial
MonoBook backup,MonoBook backup
MonoBook bak,MonoBook bak
MonoBook bez reklam,MonoBook bez reklam
MonoBook bk,MonoBook bk
MonoBook bk 2007 11 28,MonoBook bk 2007 11 28
MonoBook clustrmaps,MonoBook clustrmaps
MonoBook cocked-up,MonoBook cocked-up
MonoBook copy,MonoBook copy
MonoBook docupedia,MonoBook docupedia
MonoBook innanslashurl,MonoBook innanslashurl
MonoBook link,MonoBook link
MonoBook new,MonoBook new
MonoBook old,MonoBook old
MonoBook orig,MonoBook orig
MonoBook original,MonoBook original
MonoBook ref,MonoBook ref
MonoBook test,MonoBook test
MonoBook tmp,MonoBook tmp
MonoBook up,MonoBook up
MonoBook wheezy-orig 2014-06-29,MonoBook wheezy-orig 2014-06-29
MonoBook with Google Ads,MonoBook with Google Ads
MonoBook with maps,MonoBook with maps
MonoBook yahoo,MonoBook yahoo
MonoBook(Original),MonoBook(Original)
MonoBook+500,MonoBook+500
MonoBook+reklama,MonoBook+reklama
MonoBook-,MonoBook-
MonoBook-1,MonoBook-1
MonoBook-110711,MonoBook-110711
MonoBook-2008-08-05,MonoBook-2008-08-05
MonoBook-2008-09-01,MonoBook-2008-09-01
MonoBook-2009-09-10,MonoBook-2009-09-10
MonoBook-2011-04-12,MonoBook-2011-04-12
MonoBook-20120929,MonoBook-20120929
MonoBook-20130520,MonoBook-20130520
MonoBook-20140114,MonoBook-20140114
MonoBook-20140114-nogoogle,MonoBook-20140114-nogoogle
MonoBook-20140124,MonoBook-20140124
MonoBook-20140318,MonoBook-20140318
MonoBook-20140611,MonoBook-20140611
MonoBook-21041204,MonoBook-21041204
MonoBook-23,MonoBook-23
MonoBook-Clean,MonoBook-Clean
MonoBook-HACKED,MonoBook-HACKED
MonoBook-NEW,MonoBook-NEW
MonoBook-O,MonoBook-O
MonoBook-PreSocialButtons,MonoBook-PreSocialButtons
MonoBook-Saelig,MonoBook-Saelig
MonoBook-adsense,MonoBook-adsense
MonoBook-almost-toolsboxshows,MonoBook-almost-toolsboxshows
MonoBook-almostsametoolsbox,MonoBook-almostsametoolsbox
MonoBook-alt,MonoBook-alt
MonoBook-backup,MonoBook-backup
MonoBook-bak,MonoBook-bak
MonoBook-bizrate,MonoBook-bizrate
MonoBook-classic,MonoBook-classic
MonoBook-docs-j-org,MonoBook-docs-j-org
MonoBook-error88-also,MonoBook-error88-also
MonoBook-good,MonoBook-good
MonoBook-googlesearchbad,MonoBook-googlesearchbad
MonoBook-line88-error,MonoBook-line88-error
MonoBook-no-google-footer,MonoBook-no-google-footer
MonoBook-notabsOK,MonoBook-notabsOK
MonoBook-old,MonoBook-old
MonoBook-oldsearch-noads,MonoBook-oldsearch-noads
MonoBook-orig,MonoBook-orig
MonoBook-original,MonoBook-original
MonoBook-respaldo,MonoBook-respaldo
MonoBook-sikhnet-bkp,MonoBook-sikhnet-bkp
MonoBook-sikhnet-bkp2,MonoBook-sikhnet-bkp2
MonoBook-test,MonoBook-test
MonoBook-with-piwik-tracker,MonoBook-with-piwik-tracker
MonoBook0,MonoBook0
MonoBook1,MonoBook1
MonoBook2,MonoBook2
MonoBook20130524,MonoBook20130524
MonoBook20140312,MonoBook20140312
MonoBook2BACK,MonoBook2BACK
MonoBook2febrero,MonoBook2febrero
MonoBook3febrero,MonoBook3febrero
MonoBook8febrero,MonoBook8febrero
MonoBookAA 12-27-07,MonoBookAA 12-27-07
MonoBookAB 12-27-07,MonoBookAB 12-27-07
MonoBookAdmin,MonoBookAdmin
MonoBookAstonia,MonoBookAstonia
MonoBookBA ads on bottom 01-03-08,MonoBookBA ads on bottom 01-03-08
MonoBookBE,MonoBookBE
MonoBookBackup,MonoBookBackup
MonoBookBennu,MonoBookBennu
MonoBookBennuSand,MonoBookBennuSand
MonoBookCA 01-09-08 go to one ad,MonoBookCA 01-09-08 go to one ad
MonoBookCsoft,MonoBookCsoft
MonoBookDA revert no ads 08-12-08,MonoBookDA revert no ads 08-12-08
MonoBookDark,MonoBookDark
MonoBookEQ,MonoBookEQ
MonoBookEmail,MonoBookEmail
MonoBookHax,MonoBookHax
MonoBookModified,MonoBookModified
MonoBookNoTabs,MonoBookNoTabs
MonoBookOK,MonoBookOK
MonoBookRFG,MonoBookRFG
MonoBookSC,MonoBookSC
MonoBookSW,MonoBookSW
MonoBookTEST,MonoBookTEST
MonoBookTemplate,MonoBookTemplate
MonoBookV01,MonoBookV01
MonoBookV02,MonoBookV02
MonoBookV03,MonoBookV03
MonoBookWLE,MonoBookWLE
MonoBookWLM,MonoBookWLM
MonoBookWOma,MonoBookWOma
MonoBookWPR,MonoBookWPR
MonoBookWikanda21a,MonoBookWikanda21a
MonoBookWithAds,MonoBookWithAds
MonoBookalt,MonoBookalt
MonoBookbackup,MonoBookbackup
MonoBookbackup2012,MonoBookbackup2012
MonoBookduplicate,MonoBookduplicate
MonoBooko,MonoBooko
MonoBookok2,MonoBookok2
MonoBookok3,MonoBookok3
MonoBookold,MonoBookold
MonoBookpre1705,MonoBookpre1705
MonoBookuib,MonoBookuib
MonoBookx,MonoBookx
MonoBrooke3,MonoBrooke3
MonoBrookeG,MonoBrookeG
MonoCMS,MonoCMS
MonoDark,MonoDark
MonoGarden,MonoGarden
MonoKnjiga,MonoKnjiga
MonoRound,MonoRound
MonoTryker,MonoTryker
Monobohch,Monobohch
Monobook,Monobook
Monobook ads,Monobook ads
Monobook new,Monobook new
Monobook orig,Monobook orig
Monospec,Monospec
MoodleDocsNew,MoodleDocsNew
Moodledocs,Moodledocs
MoonBook,MoonBook
MoparWiki,MoparWiki
Morkan,Morkan
Moveit,Moveit
MozTW,MozTW
Moztn,Moztn
Mpca,Mpca
Mtsutv,Mtsutv
Mudernu,Mudernu
Mummila,Mummila
Musikwiki,Musikwiki
Muzaiko,Muzaiko
My Vector,My Vector
MyField,MyField
MyJournals,MyJournals
MyMarefa,MyMarefa
MyMonoBook,MyMonoBook
MyNoobLife,MyNoobLife
MySkin,MySkin
MySkin2,MySkin2
MyVector,MyVector
MyWikiSkin,MyWikiSkin
Mylib,Mylib
Myskin,Myskin
Myskin2,Myskin2
Mythos,Mythos
MythosNew,MythosNew
NGEFGP,NGEFGP
NGEFGPTEST,NGEFGPTEST
NN,NN
NRFTW,NRFTW
NSHS,NSHS
NSIS,NSIS
NWGreen,NWGreen
NYCMush,NYCMush
NaaltsoosŁáa'ígíí,NaaltsoosŁáa'ígíí
Nachfolgewiki,Nachfolgewiki
Naiad,Naiad
Nama,Nama
Nama2,Nama2
Narrative,Narrative
Nature,Nature
Naturkunde,Naturkunde
Naturkunde2,Naturkunde2
NaturkundeBrandon,NaturkundeBrandon
Navajo,Navajo
Navigation,Navigation
Neo-geo,Neo-geo
NeoWikimon,NeoWikimon
Neon,Neon
Neoteric,Neoteric
Netbar,Netbar
Netcup,Netcup
Networked,Networked
Neverland,Neverland
New,New
NewEra,NewEra
NewLook,NewLook
NewMonoBook,NewMonoBook
NewSkin,NewSkin
Newmonobook,Newmonobook
Newsletter,Newsletter
Nexus,Nexus
Nfsunlimited,Nfsunlimited
Nfsunlimited bak,Nfsunlimited bak
Nifty,Nifty
Niftyguest,Niftyguest
Nimbus,Nimbus
Nixos,Nixos
NokiaDev,NokiaDev
Nokiadev2012,Nokiadev2012
Nokiadev2013,Nokiadev2013
NonWiki,NonWiki
NonWikiSkin,NonWikiSkin
Nookipedia,Nookipedia
Nostale,Nostale
NostaleNew,NostaleNew
Nostalgia,Nostalgia
Nostalgiag,Nostalgiag
Notes,Notes
NowAndThen,NowAndThen
Nowoczesna,Nowoczesna
Nsa,Nsa
Ntec,Ntec
Nua-aimseartha,Nua-aimseartha
NullBook,NullBook
Nuvola,Nuvola
Nútímalegt,Nútímalegt
Nügüd'aigaine,Nügüd'aigaine
OGame,OGame
OOR,OOR
OSMonoBook,OSMonoBook
OSW,OSW
OVNL,OVNL
Oasis,Oasis
Obnovlenie,Obnovlenie
ObnovlenieMob,ObnovlenieMob
Occams,Occams
Ocean,Ocean
Odamex,Odamex
Ods,Ods
Ofek,Ofek
Offwiki,Offwiki
Oggify,Oggify
Old MonoBook,Old MonoBook
Old Segments 2010,Old Segments 2010
Old WPtouch,Old WPtouch
Old-2009-dez-DatenatelierView,Old-2009-dez-DatenatelierView
Old-GMWFreeBlue,Old-GMWFreeBlue
OldArcsWiki,OldArcsWiki
OldDatenatelierView,OldDatenatelierView
OldMonoBook,OldMonoBook
OldOtMonoBook,OldOtMonoBook
OldVector,OldVector
Oldskinrevised,Oldskinrevised
Olenz,Olenz
Olympialex,Olympialex
Omen,Omen
Onco,Onco
Onestat teller,Onestat teller
OnlyArticle,OnlyArticle
OntoSkin,OntoSkin
OntoSkin2,OntoSkin2
OntoSkin3,OntoSkin3
OntoSkin3Lib,OntoSkin3Lib
Ontolog,Ontolog
Open311,Open311
OpenAnesthesia,OpenAnesthesia
OpenAnesthesiaDev,OpenAnesthesiaDev
OpenClonk,OpenClonk
OpenEI,OpenEI
OpenEISkinny,OpenEISkinny
OpenFlow,OpenFlow
OpenMoko,OpenMoko
OpenNMS,OpenNMS
OpenSUSE,OpenSUSE
OpenSUSE2005,OpenSUSE2005
OpenSUSECommunity,OpenSUSECommunity
OpenUrbane,OpenUrbane
OpenUrbane2,OpenUrbane2
OpenUrbaneSAVE,OpenUrbaneSAVE
OpenUru,OpenUru
OpenVibe,OpenVibe
Opencart,Opencart
Openoffice,Openoffice
Opensearch desc,Opensearch desc
Opensim,Opensim
Openwfm,Openwfm
Oposipedia,Oposipedia
Oposipedia RESPALDO,Oposipedia RESPALDO
Option,Option
Opus,Opus
OraFaq,OraFaq
Orange,Orange
OrangeVector,OrangeVector
OrgVector,OrgVector
OrganicDesign,OrganicDesign
Orgweb,Orgweb
Ori tine20org 2013,Ori tine20org 2013
Orig,Orig
Orthodox,Orthodox
Osbf,Osbf
Osere,Osere
Osmf,Osmf
Osskin,Osskin
OtMonoBook,OtMonoBook
Otago,Otago
OurStory,OurStory
OurStory OLD,OurStory OLD
OurStory v1,OurStory v1
OurStory v2,OurStory v2
Outdoorskin,Outdoorskin
OverStock,OverStock
Oxygen,Oxygen
P2 wiki,P2 wiki
PAPI,PAPI
PCGWNVector,PCGWNVector
PCGWVector,PCGWVector
PFVector,PFVector
PMonoBook,PMonoBook
PO,PO
PSU,PSU
PSU Test,PSU Test
PSU Vector,PSU Vector
PW,PW
PageLinesWiki,PageLinesWiki
PageTarget,PageTarget
PageTarget061714,PageTarget061714
PageTargetBTF,PageTargetBTF
PageTargetBTFdfp,PageTargetBTFdfp
Pagulu,Pagulu
ParaBediaRegister,ParaBediaRegister
ParaBediaUnRegister,ParaBediaUnRegister
Paradox,Paradox
ParadoxDev,ParadoxDev
Parchment,Parchment
Parentvoice,Parentvoice
Pavel,Pavel
Pcgamingwiki,Pcgamingwiki
Pegaso,Pegaso
PensaBook,PensaBook
PensaVector,PensaVector
Pequod,Pequod
Perforce,Perforce
PetWiki,PetWiki
PfsenseNew,PfsenseNew
PfsenseNewbeta,PfsenseNewbeta
Phidget,Phidget
Philapedia,Philapedia
Phoenix,Phoenix
Phpbb,Phpbb
Phpbbnl,Phpbbnl
Phpminadmin,Phpminadmin
PianoBlack,PianoBlack
Pie,Pie
PipingDesigner,PipingDesigner
PipingDesignerSandbox,PipingDesignerSandbox
PipingDesignerThree,PipingDesignerThree
PipingDesignerTwo,PipingDesignerTwo
Pisarz,Pisarz
Piwik,Piwik
Pixeled,Pixeled
Pixeled-backup4Drew-11-25,Pixeled-backup4Drew-11-25
Pixeled-backup4Drew-11-25 II,Pixeled-backup4Drew-11-25 II
Pixeled-nocache,Pixeled-nocache
Pixeledorig,Pixeledorig
Pkp,Pkp
Plain,Plain
Planescape,Planescape
PlayfulDroidz,PlayfulDroidz
Plio,Plio
Pnlugskin,Pnlugskin
Poder,Poder
PokeWiki,PokeWiki
PokeWiki1,PokeWiki1
PokeWikiMobile,PokeWikiMobile
PokéWiki,PokéWiki
PonyDocs,PonyDocs
PornjBook,PornjBook
Porteco,Porteco
PostgreSQL,PostgreSQL
Power,Power
PowerFolder,PowerFolder
PracticalPlants,PracticalPlants
Prescient,Prescient
Prevero,Prevero
Prgdb,Prgdb
PrintBook,PrintBook
Pris,Pris
ProBlueVector,ProBlueVector
Profileinfo,Profileinfo
ProjectERP,ProjectERP
Projectpedia,Projectpedia
Protege,Protege
ProtegeWiki,ProtegeWiki
Prowiki,Prowiki
Proxer,Proxer
Proxer14,Proxer14
PsyCrit,PsyCrit
Psycho,Psycho
Ptl,Ptl
PureCss,PureCss
PurpleR,PurpleR
PurpleVelvetLaser,PurpleVelvetLaser
Pw ads,Pw ads
Qrgorod,Qrgorod
QuantumLeap,QuantumLeap
Quartz,Quartz
Queloudilam,Queloudilam
Queloudilam admin,Queloudilam admin
Queloudilam2010,Queloudilam2010
Queloudilam2010 admin,Queloudilam2010 admin
Questbomb,Questbomb
Quilti,Quilti
Quilti old,Quilti old
ROCKtropia,ROCKtropia
ROSSTECH,ROSSTECH
ROSSTECH-WasWorkingInWiki1152,ROSSTECH-WasWorkingInWiki1152
Radboud,Radboud
Radio,Radio
Rads,Rads
Raglanpedia,Raglanpedia
RamblerRU,RamblerRU
Ran,Ran
RanBU,RanBU
Raw,Raw
RawCritics,RawCritics
RayOfLight,RayOfLight
ReWork,ReWork
Reach,Reach
React,React
React2,React2
Reactos,Reactos
Reagenzglas,Reagenzglas
Reannz,Reannz
Rechenkraft,Rechenkraft
Red,Red
RedIRIS,RedIRIS
RedSec,RedSec
Redemption,Redemption
Redemption2,Redemption2
Redeye,Redeye
Redirect,Redirect
ReferenceBook,ReferenceBook
Refreshed,Refreshed
Regionaltreffen,Regionaltreffen
Reiseinfosdaenemark,Reiseinfosdaenemark
Rekl,Rekl
Reklama,Reklama
Reklama bottom,Reklama bottom
Reklama left 155px,Reklama left 155px
Religionslexikon,Religionslexikon
Removed,Removed
RenM,RenM
Render,Render
Requiem,Requiem
Resources,Resources
Responsive,Responsive
RestrictVector,RestrictVector
Restricted,Restricted
Restricted-ok,Restricted-ok
Reto,Reto
Reto16,Reto16
Retro,Retro
Retro Brown,Retro Brown
RetroBrown,RetroBrown
RetroNwiki,RetroNwiki
Retrobike,Retrobike
Retroblue2,Retroblue2
Retrobrown,Retrobrown
RiC,RiC
Ridgebackzucht,Ridgebackzucht
Right,Right
RigpaBook,RigpaBook
Rijkshuisstijl,Rijkshuisstijl
RilPoint,RilPoint
Rilgrey 01,Rilgrey 01
RiskMgmtAdvisors,RiskMgmtAdvisors
RitchieSkin,RitchieSkin
Rlab,Rlab
Roads2hycom,Roads2hycom
Robotex,Robotex
Rodeira,Rodeira
Romania,Romania
Ron,Ron
Rosespedia,Rosespedia
Round,Round
RoundedBlue,RoundedBlue
Roundedblue2,Roundedblue2
Roundedpink,Roundedpink
Roundedsassy,Roundedsassy
Rss,Rss
Rss1,Rss1
Rssauktion,Rssauktion
Rsya,Rsya
Rubrik,Rubrik
Rung,Rung
Runtime,Runtime
Rusted2,Rusted2
RustedCopper,RustedCopper
S23,S23
S2Basic,S2Basic
SBRock,SBRock
SChill,SChill
SDAKnowledgeBase,SDAKnowledgeBase
SDQ,SDQ
SEBoK,SEBoK
SFCCustom,SFCCustom
SFRGreen,SFRGreen
SGuMax,SGuMax
SPmobile,SPmobile
SSP24,SSP24
STEP,STEP
Sabre,Sabre
SaferNetworking,SaferNetworking
Saliba,Saliba
Saliba OLD sin sitenotice,Saliba OLD sin sitenotice
SallaWiki,SallaWiki
Sandstone,Sandstone
Sanskrita,Sanskrita
Sanskrita080522,Sanskrita080522
Sanskrita080729,Sanskrita080729
Sanskrita080731,Sanskrita080731
Sanskrita081007,Sanskrita081007
Sanskrita131108,Sanskrita131108
SanskritaPORLAS,SanskritaPORLAS
Sarna,Sarna
SarnaAdSense,SarnaAdSense
SarnaDavion,SarnaDavion
SarnaKurita,SarnaKurita
SarnaLiao,SarnaLiao
SarnaMarik,SarnaMarik
SarnaSteiner,SarnaSteiner
SarnaTest,SarnaTest
Sasongsmat,Sasongsmat
Sauber,Sauber
Sb,Sb
Scarlet,Scarlet
Scharesoftskin,Scharesoftskin
Schet,Schet
Schokokeks,Schokokeks
Schulenburg,Schulenburg
ScirunDoc2,ScirunDoc2
Scirundoc,Scirundoc
ScoutWiki,ScoutWiki
Scratch,Scratch
ScratchWikiSkin,ScratchWikiSkin
Scribus,Scribus
Sdct,Sdct
SecuPedia,SecuPedia
Seed,Seed
Seeking,Seeking
SegSkin,SegSkin
SegaRetro,SegaRetro
Sekas1,Sekas1
Selfhtml,Selfhtml
Selje,Selje
Send2Wiki,Send2Wiki
SenterNovem,SenterNovem
Seolexikon,Seolexikon
Sepamail,Sepamail
Sepola,Sepola
Sequanux,Sequanux
Serco,Serco
ServiceNow,ServiceNow
Sgskin,Sgskin
Shakepeers,Shakepeers
Shaker,Shaker
Shardscape,Shardscape
Shartak,Shartak
Shield,Shield
ShiftiNew,ShiftiNew
Shopping1920,Shopping1920
Shopping1920-2,Shopping1920-2
Shopping1920-3,Shopping1920-3
Showdown,Showdown
ShpVoice,ShpVoice
Sidead,Sidead
Sidebar,Sidebar
Sidebar ads,Sidebar ads
Siduction,Siduction
Siemens,Siemens
Signal,Signal
Signmobile,Signmobile
Signmobile old,Signmobile old
Signmobileipad,Signmobileipad
SikhNet-Backup-MonoBook (2),SikhNet-Backup-MonoBook (2)
SilMonoBook,SilMonoBook
SimBio,SimBio
SimHiorg,SimHiorg
Simple,Simple
Simple2015,Simple2015
Simpsons,Simpsons
Simpsons copy,Simpsons copy
Simreal,Simreal
SingingWizard,SingingWizard
SingingWizardPro,SingingWizardPro
SintAnne,SintAnne
Sio,Sio
Sitesearch,Sitesearch
Sk1nz,Sk1nz
SkillsBase,SkillsBase
Skin,Skin
Skin-old-Template,Skin-old-Template
SkinMonoBook,SkinMonoBook
SkinWPtouch,SkinWPtouch
Skinbiomol,Skinbiomol
Skinbiomol eusebia mit tooltipfunction,Skinbiomol eusebia mit tooltipfunction
Skinny,Skinny
SkinoriBluedi,SkinoriBluedi
Skins,Skins
Skinzam,Skinzam
Skyline,Skyline
Slacky,Slacky
Slate,Slate
Sledged,Sledged
Slick,Slick
SmartBook,SmartBook
SmfCurve,SmfCurve
Smite,Smite
SmokyNight,SmokyNight
SmoothWiki,SmoothWiki
Smph,Smph
Smultron,Smultron
SnapHouston,SnapHouston
Snowcap,Snowcap
Social,Social
SocialWiki,SocialWiki
Sofia,Sofia
Softcatala,Softcatala
Solaria,Solaria
Solstice,Solstice
SomOm,SomOm
SonWiki,SonWiki
SotS2,SotS2
SourceRuns,SourceRuns
SpaceEngineers,SpaceEngineers
SpatialManager,SpatialManager
SpecialNPCdatenbank,SpecialNPCdatenbank
Spendopedia,Spendopedia
Spicosa,Spicosa
Spin,Spin
Splash,Splash
Sponsors,Sponsors
Spoomph,Spoomph
Sports,Sports
Sprechstundealzheimer,Sprechstundealzheimer
Sprechstundedemenz,Sprechstundedemenz
SpringNew,SpringNew
Springer,Springer
Springereom,Springereom
Spybot2,Spybot2
Spylog,Spylog
Square,Square
Ssmj,Ssmj
Stack,Stack
Stadt,Stadt
Standard,Standard
Standard-original,Standard-original
Standard2,Standard2
Stanfordmodern1,Stanfordmodern1
StarSonata2,StarSonata2
StarVector,StarVector
StartrekEquilism,StartrekEquilism
Stat1,Stat1
StealthNinja,StealthNinja
StellarBook,StellarBook
Strapping,Strapping
StrappingAds,StrappingAds
StrappingAds3,StrappingAds3
Straszy,Straszy
Strawberry,Strawberry
Studentlink,Studentlink
Studix,Studix
StupiDedia,StupiDedia
Sturmkrieg,Sturmkrieg
Style,Style
Summit2012,Summit2012
Summit2013,Summit2013
Summit2014,Summit2014
Summit2015,Summit2015
Sunshinereview,Sunshinereview
SupeFly,SupeFly
SuperClean,SuperClean
SuperCleanTest,SuperCleanTest
SuperTux,SuperTux
Supersonics,Supersonics
Survarium,Survarium
SurveyFactory,SurveyFactory
Susans,Susans
Susedoc,Susedoc
Suso2009,Suso2009
SusoSight,SusoSight
Suzuki,Suzuki
SwdbSkin,SwdbSkin
Sxp,Sxp
Syamozero,Syamozero
Synagonism,Synagonism
Syncleus,Syncleus
SyndiVector,SyndiVector
Synsig,Synsig
Sysadm,Sysadm
Säsongsmat,Säsongsmat
T3X,T3X
T3x google adsense,T3x google adsense
T3x google analytics,T3x google analytics
THN,THN
TI,TI
TITwo,TITwo
TJExpat,TJExpat
TKSkin,TKSkin
TLKWiki,TLKWiki
TTORA,TTORA
TWVector,TWVector
TYPO3Design,TYPO3Design
TYPO3Vector,TYPO3Vector
TabCreations,TabCreations
Tagmanager,Tagmanager
Tango,Tango
Taurus,Taurus
Taxbird,Taxbird
Tc2,Tc2
Team9000,Team9000
TeamLiquid,TeamLiquid
TecArt,TecArt
Tech,Tech
Teirwiki,Teirwiki
Templar,Templar
Tempo,Tempo
Tempstyle2,Tempstyle2
Tempstyle3,Tempstyle3
Tempstyle4,Tempstyle4
Terasology,Terasology
Terra2,Terra2
Test,Test
Testing,Testing
Tests,Tests
Text,Text
TextOnly,TextOnly
Teztourbanner,Teztourbanner
TfgBar,TfgBar
ThcSkin,ThcSkin
TheDreamSkin,TheDreamSkin
TheMetWikiSkin,TheMetWikiSkin
ThePetWikiSkin,ThePetWikiSkin
TheTorpedoDog,TheTorpedoDog
Theseus,Theseus
Thewest,Thewest
ThinkGeoGIS,ThinkGeoGIS
ThinkTank,ThinkTank
ThinkWiki,ThinkWiki
Thirdturn2014,Thirdturn2014
Thirdturnlook,Thirdturnlook
Thumb,Thumb
Thumb handler,Thumb handler
Tiarum,Tiarum
Tighar,Tighar
Tighar2,Tighar2
Timetotrade,Timetotrade
Tine20org,Tine20org
Tine20org 2010,Tine20org 2010
Tine20org 2010 Kopie,Tine20org 2010 Kopie
Tine20org 2013,Tine20org 2013
TipsSkin,TipsSkin
Titolirename,Titolirename
Toawiki,Toawiki
Toen,Toen
Toenlv,Toenlv
Toipedia,Toipedia
Tomas,Tomas
TomosLook,TomosLook
TonkoWiki,TonkoWiki
Toolbelt,Toolbelt
Toolkit,Toolkit
Top-menu,Top-menu
Topbar2,Topbar2
ToremSkin,ToremSkin
ToremSkinbk,ToremSkinbk
Toro,Toro
TotalWar,TotalWar
Tpz ezpages,Tpz ezpages
Trailwiki,Trailwiki
Transition,Transition
Translatum,Translatum
TransparentSea,TransparentSea
Tranzit auto,Tranzit auto
TravianerWiki,TravianerWiki
Treason,Treason
Treeview,Treeview
Trendsetter,Trendsetter
TribalWars2,TribalWars2
Tribalwars,Tribalwars
Trinity,Trinity
Truglass,Truglass
Truglass2,Truglass2
TsVector,TsVector
Tsrstyle,Tsrstyle
Tufte,Tufte
Tut,Tut
TvoyNet,TvoyNet
TvoyNet bak,TvoyNet bak
TwKb,TwKb
Tweeki,Tweeki
TwentyEleven,TwentyEleven
TwentyTen,TwentyTen
TwentyTen orig,TwentyTen orig
Twentyten,Twentyten
Twilight,Twilight
Twittpedia,Twittpedia
Twothousandxx,Twothousandxx
Tyrian,Tyrian
UA Dark,UA Dark
UCD,UCD
UCIP LCARS,UCIP LCARS
UFOAI,UFOAI
UFSWiki2,UFSWiki2
UMCN,UMCN
UMCN RII SHARED,UMCN RII SHARED
UMCN SHARED,UMCN SHARED
UMass,UMass
UabVector,UabVector
Ubc,Ubc
Ube,Ube
Ubuntu,Ubuntu
Ucip,Ucip
UdkStyle,UdkStyle
Uifce,Uifce
Uifce - copia,Uifce - copia
Ultimaker,Ultimaker
Ulwiki,Ulwiki
Unbenutzt ReviBook,Unbenutzt ReviBook
Uncyclopedia,Uncyclopedia
Unified,Unified
UnigePhiloWiki,UnigePhiloWiki
Universum,Universum
Universum2011,Universum2011
UrbanDay,UrbanDay
UrbanNight,UrbanNight
UserSkin,UserSkin
UserSkinbackup,UserSkinbackup
Userpedia2010,Userpedia2010
Uudne,Uudne
Uzlib,Uzlib
UzlibX,UzlibX
V2,V2
V3,V3
V4,V4
VBulletin,VBulletin
VDRWiki,VDRWiki
Vacet,Vacet
Vadzim,Vadzim
Vadzimart,Vadzimart
Vakantiefietser,Vakantiefietser
VakantiefietserHeaderMenu,VakantiefietserHeaderMenu
Valiter,Valiter
Valve,Valve
Vassal,Vassal
VbGORE,VbGORE
VbGORE mod,VbGORE mod
VbGOREClean,VbGOREClean
VbMediaWiki,VbMediaWiki
VbMediaWikiForum,VbMediaWikiForum
VbMediaWikiVector,VbMediaWikiVector
VbMediaWikiVector back,VbMediaWikiVector back
VbWikiSkin,VbWikiSkin
Vcmi,Vcmi
Vecotor-orig,Vecotor-orig
Vectoo,Vectoo
Vectooooor,Vectooooor
Vector,Vector
Vector (10:02:2014 09:52),Vector (10:02:2014 09:52)
Vector (10:02:2014 23:43),Vector (10:02:2014 23:43)
Vector (Kopie),Vector (Kopie)
Vector (bac),Vector (bac)
Vector (copy),Vector (copy)
Vector - Kopie,Vector - Kopie
Vector 0001,Vector 0001
Vector 1,Vector 1
Vector 2,Vector 2
Vector 20130102,Vector 20130102
Vector 20130103,Vector 20130103
Vector 20130104,Vector 20130104
Vector 20130501,Vector 20130501
Vector 20140521,Vector 20140521
Vector 24032012,Vector 24032012
Vector AdamWiki,Vector AdamWiki
Vector BK01 original,Vector BK01 original
Vector BK02 26 04 2012,Vector BK02 26 04 2012
Vector BK03 26 04 2012,Vector BK03 26 04 2012
Vector BK04 28 04 2012,Vector BK04 28 04 2012
Vector BU,Vector BU
Vector Integrated,Vector Integrated
Vector MODIFIED,Vector MODIFIED
Vector ORIGINAL,Vector ORIGINAL
Vector ad position,Vector ad position
Vector alt,Vector alt
Vector back,Vector back
Vector backup,Vector backup
Vector backup 06MAY14,Vector backup 06MAY14
Vector bkp,Vector bkp
Vector bootstrap metro,Vector bootstrap metro
Vector bootstrap metro test,Vector bootstrap metro test
Vector copie,Vector copie
Vector copy,Vector copy
Vector copy 2,Vector copy 2
Vector copy 3,Vector copy 3
Vector copy 4,Vector copy 4
Vector copy 5,Vector copy 5
Vector dm,Vector dm
Vector fs,Vector fs
Vector g,Vector g
Vector js,Vector js
Vector mit statischen ads,Vector mit statischen ads
Vector new,Vector new
Vector old,Vector old
Vector ori,Vector ori
Vector orig,Vector orig
Vector origin,Vector origin
Vector original,Vector original
Vector original 121312,Vector original 121312
Vector php,Vector php
Vector preSSLfix,Vector preSSLfix
Vector sin publicidad,Vector sin publicidad
Vector source,Vector source
Vector webiprog,Vector webiprog
Vector-,Vector-
Vector-04262012,Vector-04262012
Vector-20141230,Vector-20141230
Vector-2xleader,Vector-2xleader
Vector-back,Vector-back
Vector-bk,Vector-bk
Vector-default,Vector-default
Vector-foundation,Vector-foundation
Vector-geohin,Vector-geohin
Vector-last,Vector-last
Vector-mark,Vector-mark
Vector-mod,Vector-mod
Vector-noad,Vector-noad
Vector-ok,Vector-ok
Vector-old,Vector-old
Vector-ori,Vector-ori
Vector-orig,Vector-orig
Vector-original,Vector-original
Vector-oryg,Vector-oryg
Vector-reklamy2,Vector-reklamy2
Vector-virgin,Vector-virgin
Vector0205,Vector0205
Vector07042014,Vector07042014
Vector1,Vector1
Vector1006,Vector1006
Vector12092014,Vector12092014
Vector13092014,Vector13092014
Vector1309working,Vector1309working
Vector1409,Vector1409
Vector2,Vector2
Vector28April,Vector28April
Vector3,Vector3
Vector4,Vector4
VectorBlue,VectorBlue
VectorChromeless,VectorChromeless
VectorContentOnly,VectorContentOnly
VectorCyan,VectorCyan
VectorDark,VectorDark
VectorDe,VectorDe
VectorEn,VectorEn
VectorFablabo,VectorFablabo
VectorGreen,VectorGreen
VectorIni,VectorIni
VectorInvert,VectorInvert
VectorLarpedie,VectorLarpedie
VectorMenu,VectorMenu
VectorMittelAlter,VectorMittelAlter
VectorMod,VectorMod
VectorNew,VectorNew
VectorNieuw,VectorNieuw
VectorOLD,VectorOLD
VectorORIGINAL,VectorORIGINAL
VectorOld,VectorOld
VectorOmen,VectorOmen
VectorOrg,VectorOrg
VectorOriginal,VectorOriginal
VectorPink,VectorPink
VectorRTS,VectorRTS
VectorRed,VectorRed
VectorRes,VectorRes
VectorSimSun,VectorSimSun
VectorSimSun1,VectorSimSun1
VectorTHN,VectorTHN
VectorTSoG,VectorTSoG
VectorTwo,VectorTwo
VectorWikanda,VectorWikanda
VectorX,VectorX
VectorX - blue,VectorX - blue
VectorX - cyaan,VectorX - cyaan
VectorX - geel,VectorX - geel
VectorX - groen,VectorX - groen
VectorX - red,VectorX - red
VectorYellow,VectorYellow
Vectorata,Vectorata
Vectorata-old,Vectorata-old
Vectorcsoft,Vectorcsoft
Vectoredit,Vectoredit
Vectorff,Vectorff
Vectorfff,Vectorfff
Vectorfoundation,Vectorfoundation
Vectoria,Vectoria
Vectoria2,Vectoria2
Vectorold2,Vectorold2
Vectororg,Vectororg
Vectorsearchform,Vectorsearchform
Vectortest,Vectortest
Vectorz,Vectorz
Vectorzz,Vectorzz
Vectorzzz,Vectorzzz
Vectơ,Vectơ
Veicteoir,Veicteoir
Vektor,Vektor
Vektorinė,Vektorinė
Vektoro,Vektoro
Vengeful,Vengeful
VentureDark,VentureDark
Venus,Venus
Veritas,Veritas
Vermont,Vermont
Version,Version
Vettore,Vettore
VevoCart,VevoCart
Vgafib2,Vgafib2
Victoria,Victoria
Video,Video
Vinismo,Vinismo
Viteboka,Viteboka
VitiLevu,VitiLevu
Vkontaktev,Vkontaktev
Vliz,Vliz
Volxbibel,Volxbibel
Vopennms,Vopennms
Vornamenslexikon,Vornamenslexikon
Vwiki,Vwiki
Väktor,Väktor
Vèctor,Vèctor
W1212 MonoBook,W1212 MonoBook
W3c,W3c
W3counter teller,W3counter teller
WPTouch,WPTouch
WPVector,WPVector
WPtouch,WPtouch
WPtouch old,WPtouch old
WPtouch-,WPtouch-
WPtouch-orig,WPtouch-orig
WPtouch1,WPtouch1
WPtouch2,WPtouch2
WPtouchneu,WPtouchneu
WPtouchold,WPtouchold
WTF,WTF
WarlordsOfNUM,WarlordsOfNUM
WaterAlliance,WaterAlliance
WaterDragon,WaterDragon
WaterDragonWide,WaterDragonWide
WaterMargin,WaterMargin
WaveLover2,WaveLover2
Wc2fd,Wc2fd
Wdgoogleadsense,Wdgoogleadsense
WeBWorK,WeBWorK
Weather,Weather
WebMedia,WebMedia
WebPlatform,WebPlatform
Webs,Webs
Wector,Wector
Weimarnetz,Weimarnetz
Weinlex,Weinlex
Wektor,Wektor
Wereldfietser,Wereldfietser
WereldfietserHeaderMenu,WereldfietserHeaderMenu
Whale,Whale
Whirlwind,Whirlwind
Whirlygiggles,Whirlygiggles
White,White
WhiteBook,WhiteBook
WhiteCrest,WhiteCrest
Whitelabel,Whitelabel
Whmcs,Whmcs
WhoInspired,WhoInspired
Wicp,Wicp
Widi,Widi
WienWgw,WienWgw
Wiki dark,Wiki dark
Wiki2,Wiki2
WikiBound,WikiBound
WikiBrest,WikiBrest
WikiClf,WikiClf
WikiCoachMain,WikiCoachMain
WikiEcho,WikiEcho
WikiGrow,WikiGrow
WikiHosterNet,WikiHosterNet
WikiHowSkin,WikiHowSkin
WikiHur,WikiHur
WikiLurvDefault,WikiLurvDefault
WikiNiort,WikiNiort
WikiPaltz,WikiPaltz
WikiParques,WikiParques
WikiPi,WikiPi
WikiPower,WikiPower
WikiRennes,WikiRennes
WikiSkin,WikiSkin
WikiStyle,WikiStyle
WikiSussex,WikiSussex
WikiTemp,WikiTemp
WikiVoIP,WikiVoIP
WikiWhereisDefault,WikiWhereisDefault
WikiWhereisDefault-orig,WikiWhereisDefault-orig
WikiWhereisDefaultold,WikiWhereisDefaultold
WikiWhereisProfessional,WikiWhereisProfessional
WikiaApp,WikiaApp
WikiaMobile,WikiaMobile
Wikiaphone,Wikiaphone
Wikiation custom monobook,Wikiation custom monobook
Wikiation custom simple,Wikiation custom simple
Wikiausland,Wikiausland
Wikichan,Wikichan
Wikicloud,Wikicloud
Wikigender,Wikigender
WikihowSkin,WikihowSkin
Wikikompakt,Wikikompakt
Wikilengua,Wikilengua
Wikimanche,Wikimanche
Wikimanchetest,Wikimanchetest
Wikimania,Wikimania
Wikimo2,Wikimo2
Wikimo2blind,Wikimo2blind
Wikin,Wikin
WikiocityDefault,WikiocityDefault
Wikipedia,Wikipedia
Wikiprogress,Wikiprogress
WikirbyClassic,WikirbyClassic
Wikitravel,Wikitravel
WikitravelOld,WikitravelOld
Wikiwhen,Wikiwhen
Wildforests,Wildforests
Wildsong,Wildsong
Wingfield,Wingfield
Winkel,Winkel
Wissendigital,Wissendigital
Wissenlexikon,Wissenlexikon
Wizcom,Wizcom
WmEs,WmEs
Wmsk,Wmsk
WoWWiki,WoWWiki
WoWWiki broken,WoWWiki broken
Wod,Wod
WolfTownWiki,WolfTownWiki
Won,Won
WordPress,WordPress
Workroom,Workroom
WowWiki,WowWiki
Wpihelpdesk,Wpihelpdesk
Wptouch,Wptouch
Wrench,Wrench
Wsskin,Wsskin
X10,X10
XBMC,XBMC
XBMC2,XBMC2
XBit,XBit
XLKnowledge,XLKnowledge
XVector original,XVector original
Xanh Cologne,Xanh Cologne
Xblock,Xblock
Xboct,Xboct
XeDefaultMobile,XeDefaultMobile
XenServer,XenServer
Xenbase,Xenbase
Xenbase-2,Xenbase-2
Xenbase-3,Xenbase-3
Xenbase-copied,Xenbase-copied
Xenbase-mod,Xenbase-mod
Xf2,Xf2
Xf3,Xf3
Xivde,Xivde
Xpl,Xpl
Xsyon,Xsyon
Ya,Ya
Yametrika,Yametrika
Yandex counter,Yandex counter
Yandex metrika,Yandex metrika
Yandexcounter,Yandexcounter
Ycgu max,Ycgu max
YezBick,YezBick
Ym,Ym
Yuletide,Yuletide
Yuriba,Yuriba
Z3Style,Z3Style
ZCVector,ZCVector
ZDatenatelierView,ZDatenatelierView
ZM,ZM
ZMskinDD,ZMskinDD
ZOMGSkin,ZOMGSkin
ZVector,ZVector
ZXMonoBook,ZXMonoBook
Zamanawï (modern),Zamanawï (modern)
Zamonaviy,Zamonaviy
Zander,Zander
Zbench,Zbench
ZeXtras,ZeXtras
Zeldapendium,Zeldapendium
Zerties,Zerties
Ziber,Ziber
Zimbra,Zimbra
Znazza,Znazza
Znilwikiskin,Znilwikiskin
ZoneMinder,ZoneMinder
Zr,Zr
ZrWiki,ZrWiki
Zum,Zum
Zweiterweltkrieg,Zweiterweltkrieg
Zzz,Zzz
~Nama,~Nama
Μοντέρνο,Μοντέρνο
Билиҥҥи,Билиҥҥи
Бусагъатдагъы,Бусагъатдагъы
Вектор,Вектор
Векторан,Векторан
Векторлы,Векторлы
Векторне,Векторне
Векторное,Векторное
Векторско,Векторско
ВикиМультия,ВикиМультия
Вэктар,Вэктар
Жеке кітап (monobook),Жеке кітап (monobook)
Замана,Замана
Заманауи (modern),Заманауи (modern)
Заманса,Заманса
Зәңгәр сагыш,Зәңгәр сагыш
Келнско плава,Келнско плава
Келнско сино,Келнско сино
Кельнське синє,Кельнське синє
Китап,Китап
Кхузаманан,Кхузаманан
Кьолнско синьо,Кьолнско синьо
Кёльн такъылыкъ,Кёльн такъылыкъ
Кёльн һағышы,Кёльн һағышы
Кёльнин сингаттам,Кёльнин сингаттам
Кёльнская тоска,Кёльнская тоска
Кёльнскі смутак,Кёльнскі смутак
Кёльны æрхæндæг,Кёльны æрхæндæг
Көк зеңгірлігі (cologneblue),Көк зеңгірлігі (cologneblue)
Манабук,Манабук
Минерва,Минерва
Модерен,Модерен
Модерн,Модерн
Монакніга,Монакніга
Моно-китаб,Моно-китаб
Моно-книга,Моно-книга
Моно-чиныг,Моно-чиныг
МоноБук,МоноБук
Монобук,Монобук
НееньШкань,НееньШкань
Ностальгия,Ностальгия
Савремено,Савремено
Современное,Современное
Современо,Современо
Сучаснае,Сучаснае
Сучаснасць,Сучаснасць
Сучасне,Сучасне
Сызымлы,Сызымлы
Сіні Кёльн,Сіні Кёльн
ՄիաԳիրք,ՄիաԳիրք
Մոդերն,Մոդերն
Սովորական,Սովորական
Քյոլնի թախիծ,Քյոլնի թախիծ
הלנה,הלנה
וועקטאר,וועקטאר
וקטור,וקטור
מאדערן,מאדערן
מאנאבוק,מאנאבוק
מודרני,מודרני
מונובוק,מונובוק
מים כחולים,מים כחולים
קעלניש בלוי,קעלניש בלוי
آبی کلن,آبی کلن
برداری,برداری
شين کلون,شين کلون
شینی کۆلۆن,شینی کۆلۆن
فكتور,فكتور
كولون بلو,كولون بلو
مدرن,مدرن
مودرن,مودرن
مونوبوك,مونوبوك
مونوبوک,مونوبوک
مۆدێڕن,مۆدێڕن
مۆنۆ,مۆنۆ
نوی,نوی
هيلينا,هيلينا
وېکټور,وېکټور
ڤێکتۆر,ڤێکتۆر
आधुनिक,आधुनिक
कोलोग्ने निलो,कोलोग्ने निलो
नील,नील
पुस्तक,पुस्तक
भेक्टर,भेक्टर
मोडर्न,मोडर्न
मोनोबुक,मोनोबुक
सदिश,सदिश
सुरेखनीळी,सुरेखनीळी
কলোন ব্লু,কলোন ব্লু
ভেক্টর,ভেক্টর
মডার্ন,মডার্ন
মনোবুক,মনোবুক
মিনের্ভা,মিনের্ভা
ਮੋਨੋਬੁੱਕ,ਮੋਨੋਬੁੱਕ
கொலோன் (Cologne) நீலம் Blue,கொலோன் (Cologne) நீலம் Blue
ఆధునిక,ఆధునిక
కలోన్ నీలం,కలోన్ నీలం
మోనోబుక్,మోనోబుక్
వెక్టర్,వెక్టర్
ക്ലോൺ നീല,ക്ലോൺ നീല
നവീനം,നവീനം
മോണോബുക്ക്,മോണോബുക്ക്
വെക്റ്റർ,വെക്റ്റർ
เวกเตอร์,เวกเตอร์
โคโลญจ์บลู,โคโลญจ์บลู
โมเดิร์น,โมเดิร์น
โมโนบุ๊ก,โมโนบุ๊ก
ვექტორული,ვექტორული
თანამედროვე,თანამედროვე
კელნის ლურჯი,კელნის ლურჯი
მონობუკი,მონობუკი
ទឹកអប់ខៀវ,ទឹកអប់ខៀវ
ទំនើប,ទំនើប
វ៉ិចទ័រ​​,វ៉ិចទ័រ​​
សៀវភៅឯក,សៀវភៅឯក
ケルンブルー,ケルンブルー
ベクター,ベクター
モダン,モダン
モノブック,モノブック
变色龙,变色龙
單書,單書
摩登,摩登
现代,现代
現代,現代
科隆藍,科隆藍
科隆香水蓝,科隆香水蓝
科隆香水藍,科隆香水藍
모노북,모노북
모던,모던
쾰른 블루,쾰른 블루
User:Paladox2014/Rating/Metrolook,User:Paladox2014/Rating/Metrolook
